aardvark,aardvark,0
accelerator,accelerator,0
adapter,adapter,0
afghanistan,afghanistan,0
aftershave,aftershave,0
airbus,airbus,0
airplane,airplane,0
alarm,alarm,0
algebra,algebra,0
alibi,alibi,0
alligator,alligator,0
alto,alto,0
aluminium,aluminium,0
ambulance,ambulance,0
anethesiologist,anethesiologist,0
angora,angora,0
anime,anime,0
ant,ant,0
anthony,anthony,0
april,april,0
aquarius,aquarius,0
arch,arch,0
argentina,argentina,0
argument,argument,0
aries,aries,0
arm,arm,0
arrow,arrow,0
atom,atom,0
august,august,0
avenue,avenue,0
bacon,bacon,0
badge,badge,0
bagel,bagel,0
balance,balance,0
band,band,0
bandana,bandana,0
bangle,bangle,0
banjo,banjo,0
bank,bank,0
bar,bar,0
barbara,barbara,0
barber,barber,0
barometer,barometer,0
baseball,baseball,0
basketball,basketball,0
bat,bat,0
beam,beam,0
beast,beast,0
begonia,begonia,0
bengal,bengal,0
betty,betty,0
billboard,billboard,0
bit,bit,0
bobcat,bobcat,0
bolt,bolt,0
bongo,bongo,0
bonsai,bonsai,0
boot,boot,0
border,border,0
bowling,bowling,0
brand,brand,0
brandy,brandy,0
brian,brian,0
british,british,0
broccoli,broccoli,0
brochure,brochure,0
bronze,bronze,0
budget,budget,0
buffer,buffer,0
buffet,buffet,0
bulldozer,bulldozer,0
burma,burma,0
burst,burst,0
bus,bus,0
bush,bush,0
business,business,0
c-clamp,c-clamp,0
calculus,calculus,0
cappelletti,cappelletti,0
cardigan,cardigan,0
carol,carol,0
castanet,castanet,0
catsup,catsup,0
cd,cd,0
celeste,celeste,0
cello,cello,0
celsius,celsius,0
cement,cement,0
cent,cent,0
centimeter,centimeter,0
chance,chance,0
chard,chard,0
charles,charles,0
chick,chick,0
chill,chill,0
christopher,christopher,0
cirrus,cirrus,0
claus,claus,0
clave,clave,0
clef,clef,0
clipper,clipper,0
cloud,cloud,0
cocktail,cocktail,0
coil,coil,0
colombia,colombia,0
colt,colt,0
computer,computer,0
condor,condor,0
conga,conga,0
congo,congo,0
copyright,copyright,0
cornet,cornet,0
cougar,cougar,0
crack,crack,0
crawdad,crawdad,0
cricket,cricket,0
croissant,croissant,0
crowd,crowd,0
crush,crush,0
cub,cub,0
cupcake,cupcake,0
curler,curler,0
cut,cut,0
cylinder,cylinder,0
dahlia,dahlia,0
daisy,daisy,0
daniel,daniel,0
dash,dash,0
database,database,0
david,david,0
deadline,deadline,0
deal,deal,0
deborah,deborah,0
december,december,0
decimal,decimal,0
denim,denim,0
deodorant,deodorant,0
design,design,0
dessert,dessert,0
digger,digger,0
digital,digital,0
dime,dime,0
dinosaur,dinosaur,0
division,division,0
dock,dock,0
dollar,dollar,0
donald,donald,0
donna,donna,0
dorothy,dorothy,0
downtown,downtown,0
dragon,dragon,0
dragonfly,dragonfly,0
drake,drake,0
drama,drama,0
dressing,dressing,0
drop,drop,0
eagle,eagle,0
editor,editor,0
edward,edward,0
eggnog,eggnog,0
element,element,0
elizabeth,elizabeth,0
ellipse,ellipse,0
engineering,engineering,0
epoxy,epoxy,0
ethernet,ethernet,0
euphonium,euphonium,0
eye,eye,0
eyeliner,eyeliner,0
fahrenheit,fahrenheit,0
fan,fan,0
fang,fang,0
fedelini,fedelini,0
felony,felony,0
fiber,fiber,0
fighter,fighter,0
finger,finger,0
firewall,firewall,0
flag,flag,0
flare,flare,0
fold,fold,0
font,font,0
format,format,0
fox,fox,0
freon,freon,0
frost,frost,0
gallon,gallon,0
garage,garage,0
gas,gas,0
gateway,gateway,0
gauge,gauge,0
gazelle,gazelle,0
gear,gear,0
gemini,gemini,0
george,george,0
geranium,geranium,0
ghana,ghana,0
gladiolus,gladiolus,0
golf,golf,0
gong,gong,0
gore-tex,gore-tex,0
gorilla,gorilla,0
gosling,gosling,0
gram,gram,0
grill,grill,0
guide,guide,0
guitar,guitar,0
gum,gum,0
gym,gym,0
gymnast,gymnast,0
hall,hall,0
hamburger,hamburger,0
hammer,hammer,0
hamster,hamster,0
handicap,handicap,0
hardcover,hardcover,0
hardhat,hardhat,0
hardware,hardware,0
hat,hat,0
helen,helen,0
helium,helium,0
hill,hill,0
himalayan,himalayan,0
hockey,hockey,0
horn,horn,0
hospital,hospital,0
hovercraft,hovercraft,0
hub,hub,0
humor,humor,0
hyacinth,hyacinth,0
hydrofoil,hydrofoil,0
ikebana,ikebana,0
index,index,0
input,input,0
instrument,instrument,0
internet,internet,0
iran,iran,0
iris,iris,0
israel,israel,0
jaguar,jaguar,0
james,james,0
japan,japan,0
jason,jason,0
jeans,jeans,0
jeep,jeep,0
jeff,jeff,0
jennifer,jennifer,0
jet,jet,0
jogging,jogging,0
john,john,0
joke,joke,0
joseph,joseph,0
judo,judo,0
juice,juice,0
jumbo,jumbo,0
jumper,jumper,0
jury,jury,0
jute,jute,0
kamikaze,kamikaze,0
karate,karate,0
karen,karen,0
kendo,kendo,0
kenneth,kenneth,0
kenya,kenya,0
ketchup,ketchup,0
kevin,kevin,0
keyboarding,keyboarding,0
kilogram,kilogram,0
kilometer,kilometer,0
kiss,kiss,0
kitty,kitty,0
lan,lan,0
latex,latex,0
laura,laura,0
lemonade,lemonade,0
leo,leo,0
leopard,leopard,0
libra,libra,0
lier,lier,0
lift,lift,0
linda,linda,0
link,link,0
lisa,lisa,0
lotion,lotion,0
lunchroom,lunchroom,0
lunge,lunge,0
luttuce,luttuce,0
lycra,lycra,0
lyocell,lyocell,0
lyre,lyre,0
macaroni,macaroni,0
macrame,macrame,0
mailman,mailman,0
makeup,makeup,0
malaysia,malaysia,0
mallet,mallet,0
mandolin,mandolin,0
manicure,manicure,0
map,map,0
margaret,margaret,0
margin,margin,0
maria,maria,0
marimba,marimba,0
mark,mark,0
mary,mary,0
mascara,mascara,0
match,match,0
mayonnaise,mayonnaise,0
menu,menu,0
metal,metal,0
meter,meter,0
mexican,mexican,0
mexico,mexico,0
michael,michael,0
michelle,michelle,0
mile,mile,0
milkshake,milkshake,0
millimeter,millimeter,0
mimosa,mimosa,0
mine,mine,0
mini-skirt,mini-skirt,0
minibus,minibus,0
minister,minister,0
mint,mint,0
modem,modem,0
multi-hop,multi-hop,0
museum,museum,0
nancy,nancy,0
nation,nation,0
neon,neon,0
nepal,nepal,0
nerve,nerve,0
net,net,0
nic,nic,0
niece,niece,0
node,node,0
noodle,noodle,0
november,november,0
nylon,nylon,0
observation,observation,0
ocean,ocean,0
ocelot,ocelot,0
okra,okra,0
olive,olive,0
opera,opera,0
operation,operation,0
option,option,0
organisation,organisation,0
ornament,ornament,0
output,output,0
outrigger,outrigger,0
oval,oval,0
ox,ox,0
pakistan,pakistan,0
pan,pan,0
panda,panda,0
paperback,paperback,0
parade,parade,0
parallelogram,parallelogram,0
park,park,0
partner,partner,0
passive,passive,0
pasta,pasta,0
patch,patch,0
patient,patient,0
patricia,patricia,0
paul,paul,0
peak,peak,0
peanut,peanut,0
peer-to-peer,peer-to-peer,0
pen,pen,0
person,person,0
peru,peru,0
pet,pet,0
piccolo,piccolo,0
pie,pie,0
pilot,pilot,0
pin,pin,0
ping,ping,0
pink,pink,0
pint,pint,0
pizza,pizza,0
planet,planet,0
plot,plot,0
polo,polo,0
polyester,polyester,0
popcorn,popcorn,0
port,port,0
porter,porter,0
position,position,0
pot,pot,0
print,print,0
printer,printer,0
professor,professor,0
profit,profit,0
protest,protest,0
puma,puma,0
pvc,pvc,0
quilt,quilt,0
racing,racing,0
radar,radar,0
radiator,radiator,0
radio,radio,0
rake,rake,0
ramie,ramie,0
ravioli,ravioli,0
ray,ray,0
rayon,rayon,0
relation,relation,0
relative,relative,0
religion,religion,0
relish,relish,0
restaurant,restaurant,0
revolver,revolver,0
richard,richard,0
ring,ring,0
river,river,0
robert,robert,0
robin,robin,0
roll,roll,0
ronald,ronald,0
root,root,0
rose,rose,0
router,router,0
rub,rub,0
rugby,rugby,0
run,run,0
rutabaga,rutabaga,0
ruth,ruth,0
salt,salt,0
sampan,sampan,0
samurai,samurai,0
sand,sand,0
sandra,sandra,0
sandwich,sandwich,0
santa,santa,0
sarah,sarah,0
satin,satin,0
sauce,sauce,0
scanner,scanner,0
scene,scene,0
scooter,scooter,0
scorpio,scorpio,0
seeder,seeder,0
segment,segment,0
self,self,0
september,september,0
server,server,0
session,session,0
shampoo,shampoo,0
sharon,sharon,0
shell,shell,0
shorts,shorts,0
show,show,0
siamese,siamese,0
siberian,siberian,0
side,side,0
silica,silica,0
skate,skate,0
slave,slave,0
slice,slice,0
slip,slip,0
snowboarding,snowboarding,0
sofa,sofa,0
softball,softball,0
software,software,0
spade,spade,0
spaghetti,spaghetti,0
spandex,spandex,0
specialist,specialist,0
sphynx,sphynx,0
spike,spike,0
squash,squash,0
starter,starter,0
station,station,0
steven,steven,0
stinger,stinger,0
storm,storm,0
stream,stream,0
stretch,stretch,0
sudan,sudan,0
suit,suit,0
support,support,0
susan,susan,0
sushi,sushi,0
sweater,sweater,0
sweatshirt,sweatshirt,0
sweatshop,sweatshop,0
swedish,swedish,0
swing,swing,0
swiss,swiss,0
t-shirt,t-shirt,0
taiwan,taiwan,0
tank,tank,0
tanzania,tanzania,0
target,target,0
taurus,taurus,0
teller,teller,0
tempo,tempo,0
tennis,tennis,0
tenor,tenor,0
thailand,thailand,0
thomas,thomas,0
thumb,thumb,0
tie,tie,0
tiger,tiger,0
timbale,timbale,0
timer,timer,0
tin,tin,0
tip,tip,0
toast,toast,0
toenail,toenail,0
toilet,toilet,0
tom-tom,tom-tom,0
ton,ton,0
top,top,0
tornado,tornado,0
tortellini,tortellini,0
trail,trail,0
tramp,tramp,0
transmission,transmission,0
transport,transport,0
trick,trick,0
trombone,trombone,0
tsunami,tsunami,0
tuba,tuba,0
tune,tune,0
turn,turn,0
twist,twist,0
uganda,uganda,0
ukraine,ukraine,0
van,van,0
vase,vase,0
venezuela,venezuela,0
vest,vest,0
vietnam,vietnam,0
vinyl,vinyl,0
viola,viola,0
violet,violet,0
violin,violin,0
virgo,virgo,0
vision,vision,0
volleyball,volleyball,0
wallaby,wallaby,0
william,william,0
wire,wire,0
wrecker,wrecker,0
yacht,yacht,0
yak,yak,0
yam,yam,0
yard,yard,0
zebra,zebra,0
zone,zone,0
zoo,zoo,0
abyssinian,Abyssinian,1
africa,afrika,1
alcohol,alkohol,1
almanac,almanak,1
aluminum,aluminium,1
anatomy,anatomi,1
antelope,antilope,1
appeal,appel,1
astronomy,astronomi,1
baby,Baby,1
baker,bager,1
balloon,ballon,1
banana,banan,1
bangladesh,Bangladesh,1
base,basen,1
bass,bas,1
battery,batteri,1
beret,baret,1
biology,biologi,1
biplane,biplan,1
bite,bide,1
block,blok,1
blood,blod,1
blouse,bluse,1
board,bord,1
bomb,bombe,1
butane,butan,1
cabinet,kabinet,1
camel,kamel,1
camera,kamera,1
can,kan,1
canada,Canada,1
capital,kapital,1
cat,kat,1
catamaran,katamaran,1
cell,celle,1
chief,chef,1
clarinet,klarinet,1
client,klient,1
club,klub,1
cold,kold,1
collision,kollision,1
colon,kolon,1
comfort,komfort,1
comma,komma,1
consonant,konsonant,1
continent,kontinent,1
control,kontrol,1
cork,kork,1
correspondent,korrespondent,1
credit,kredit,1
creditor,kreditor,1
cultivator,kultivator,1
curve,kurve,1
dancer,danser,1
date,dato,1
day,dag,1
debtor,debitor,1
dedication,dedikation,1
dibble,Dibble,1
dill,dild,1
diploma,diplom,1
discussion,diskussion,1
distributor,distributør,1
effect,effekt,1
end,ende,1
energy,energi,1
equinox,Equinox,1
era,æra,1
estimate,estimat,1
feast,fest,1
february,februar,1
fiction,fiktion,1
file,fil,1
find,Find,1
fish,fisk,1
flame,flamme,1
flat,flad,1
flock,flok,1
flugelhorn,flygelhorn,1
friction,friktion,1
fruit,frugt,1
gander,Gander,1
geology,geologi,1
geometry,geometri,1
giant,gigant,1
glass,glas,1
gold,guld,1
gondola,gondol,1
hail,hagl,1
hand,hånd,1
harmonica,harmonika,1
harmony,harmoni,1
harp,harpe,1
helicopter,helikopter,1
hemp,hamp,1
icon,ikon,1
impulse,impuls,1
industry,industri,1
insect,insekt,1
instruction,instruktion,1
iraq,irak,1
january,januar,1
jasmine,jasmin,1
july,juli,1
june,juni,1
kayak,kajak,1
kimberly,Kimberly,1
lamb,lam,1
lamp,lampe,1
landmine,landminer,1
license,licens,1
line,linje,1
list,liste,1
llama,lama,1
lung,lunge,1
lute,lut,1
magic,magi,1
man,mand,1
manx,Manx,1
maraca,Maraca,1
market,marked,1
mask,maske,1
mass,masse,1
medicine,medicin,1
melody,melodi,1
meteorology,meteorologi,1
milk,mælk,1
mind,sind,1
minute,minut,1
missile,missil,1
mom,mor,1
multimedia,multimedie,1
music,musik,1
myanmar,Myanmar,1
narcissus,Narcissus,1
nickel,nikkel,1
nigeria,Nigeria,1
nose,næse,1
note,Note,1
number,nummer,1
oboe,obo,1
october,oktober,1
organization,organisation,1
oven,ovn,1
pair,par,1
palm,palme,1
panther,panter,1
paper,papir,1
passbook,Passbook,1
paste,pasta,1
peen,pen,1
pelican,pelikan,1
perfume,parfume,1
period,periode,1
pipe,pibe,1
plant,plante,1
plow,plov,1
pound,pund,1
process,proces,1
product,produkt,1
production,produktion,1
propane,propan,1
prose,prosa,1
protocol,protokol,1
pump,pumpe,1
pyjama,pyjamas,1
pyramid,pyramide,1
radish,radise,1
raven,ravn,1
reaction,reaktion,1
record,rekord,1
red,rød,1
reduction,reduktion,1
respect,respekt,1
route,rute,1
salad,salat,1
sale,salg,1
sardine,sardin,1
saw,sav,1
scorpion,skorpion,1
semicolon,semikolon,1
silk,silke,1
singer,sanger,1
sister,søster,1
slime,slim,1
smile,smil,1
sociology,sociologi,1
sock,sok,1
son,søn,1
song,sang,1
soprano,sopran,1
sousaphone,Sousaphone,1
state,stat,1
statistic,statistik,1
success,succes,1
summer,sommer,1
supermarket,supermarked,1
syrup,sirup,1
talk,tale,1
taxi,taxa,1
tea,te,1
temperature,temperatur,1
tent,telt,1
theater,teater,1
thermometer,termometer,1
thing,ting,1
throne,trone,1
tomato,tomat,1
tractor,traktor,1
transaction,transaktion,1
trigonometry,trigonometri,1
trumpet,trompet,1
tuna,tun,1
tyvek,Tyvek,1
uzbekistan,usbekistan,1
vacuum,vakuum,1
verse,vers,1
viscose,viskose,1
warm,varm,1
whiskey,whisky,1
wind,vind,1
windchime,Windchime,1
winter,vinter,1
word,ord,1
worm,orm,1
yarn,garn,1
yogurt,yoghurt,1
zephyr,Zephyr,1
zinc,zink,1
zoology,zoologi,1
active,aktiv,2
address,adresse,2
algeria,algeriet,2
alphabet,alfabet,2
america,Amerika,2
ankle,ankel,2
anthropology,antropologi,2
apparatus,apparater,2
ash,aske,2
asia,asien,2
asparagus,asparges,2
asphalt,asfalt,2
athlete,atlet,2
babies,babyer,2
ball,bold,2
bamboo,bambus,2
bankbook,bankbog,2
baritone,baryton,2
bath,bad,2
beaver,bæver,2
bee,bi,2
belt,bælte,2
birch,birk,2
blue,blå,2
book,bog,2
botany,botanik,2
bow,bue,2
bra,bh,2
bread,brød,2
brown,brun,2
bubble,boble,2
cactus,kaktus,2
cafe,Café,2
cake,kage,2
calendar,kalender,2
calf,kalv,2
cannon,kanon,2
canoe,kano,2
captain,kaptajn,2
cathedral,katedral,2
ceramic,keramik,2
chauffeur,chauffør,2
chime,kime,2
chimpanzee,chimpanse,2
chocolate,chokolade,2
chronometer,kronometer,2
cicada,cikade,2
class,klasse,2
click,klik,2
clover,kløver,2
coke,koks,2
colony,koloni,2
command,kommando,2
cook,kok,2
copy,kopi,2
cost,koste,2
cow,ko,2
cracker,krakker,2
cream,creme,2
criminal,kriminel,2
crocus,krokus,2
cuban,cubansk,2
cup,kop,2
cyclone,cyklon,2
dad,far,2
dance,dans,2
deposit,depositum,2
detective,detektiv,2
dew,dug,2
diamond,diamant,2
door,dør,2
dream,drøm,2
drink,drikke,2
drive,drev,2
east,øst,2
eel,ål,2
egg,æg,2
egypt,egypten,2
elephant,elefant,2
epoch,epoke,2
europe,Europa,2
expansion,ekspansion,2
expert,ekspert,2
family,familie,2
fat,fedt,2
fibre,fiber,2
field,felt,2
flute,fløjte,2
fly,flyve,2
foot,fod,2
footnote,fodnote,2
frame,ramme,2
friday,fredag,2
frog,frø,2
gearshift,gearskifte,2
giraffe,giraf,2
goldfish,guldfisk,2
governor,guvernør,2
grass,græs,2
gray,grå,2
greek,græsk,2
green,grøn,2
grey,grå,2
grip,greb,2
guatemalan,Guatemalas,2
hair,hår,2
handsaw,håndsav,2
hate,hader,2
heat,hede,2
hen,høne,2
history,historie,2
hobbies,hobbyer,2
hole,hul,2
house,hus,2
hyena,hyæne,2
ice,is,2
idea,idé,2
india,indien,2
indonesia,indonesien,2
interactive,interaktiv,2
interest,interesse,2
interviewer,intervieweren,2
jacket,jakke,2
japanese,japansk,2
jewel,juvel,2
knee,knæ,2
knife,kniv,2
kohlrabi,kålrabi,2
korean,koreansk,2
lasagna,Lasagne,2
latency,latens,2
law,lov,2
leg,ben,2
lilac,lilla,2
lily,lilje,2
literature,litteratur,2
loan,lån,2
low,lav,2
machine,maskine,2
magazine,magasin,2
male,mand,2
march,marts,2
may,kan,2
men,mænd,2
methane,metan,2
millisecond,millisekund,2
monday,mandag,2
mouse,mus,2
name,navn,2
network,netværk,2
north,nord,2
numeric,numerisk,2
objective,objektiv,2
octave,oktav,2
oil,olie,2
organ,orgel,2
otter,odder,2
ounce,unse,2
packet,pakke,2
pajama,pyjamas,2
parentheses,parenteser,2
passenger,passager,2
pendulum,pendul,2
peony,pæon,2
pepper,peber,2
persian,persisk,2
plastic,plast,2
platinum,platin,2
polish,polsk,2
price,pris,2
priest,præst,2
produce,producere,2
quart,kvart,2
quarter,kvarter,2
rain,regn,2
rate,sats,2
report,rapport,2
representative,repræsentativt,2
result,resultat,2
rice,ris,2
rifle,riffel,2
risk,risiko,2
rocket,raket,2
rotate,rotere,2
sack,sæk,2
sail,sejl,2
scale,skala,2
scraper,skraber,2
seal,sæl,2
second,sekund,2
shame,skam,2
ship,skib,2
shoe,sko,2
shoulder,skulder,2
shovel,skovl,2
sign,tegn,2
sing,synge,2
sled,slæde,2
snail,snegl,2
snow,sne,2
snowstorm,snestorm,2
soy,soja,2
spinach,spinat,2
stage,etape,2
steel,stål,2
stepson,stedsøn,2
stone,sten,2
stop,stoppe,2
structure,struktur,2
sun,sol,2
sunday,søndag,2
swamp,sump,2
swan,svane,2
sword,sværd,2
syria,syrien,2
system,systemet,2
temple,tempel,2
tendency,tendens,2
text,tekst,2
theory,teori,2
time,tid,2
title,titel,2
toe,tå,2
tongue,tunge,2
traffic,trafik,2
tree,træ,2
tulip,tulipan,2
turkish,tyrkisk,2
vein,vene,2
wine,vin,2
acrylic,akryl,3
activity,aktivitet,3
age,alder,3
albatross,Albatrossen,3
antarctica,antarktis,3
apple,æble,3
aunt,tante,3
australia,Australien,3
australian,australsk,3
baboon,bavian,3
bait,agn,3
bakery,Bager,3
balinese,balinesisk,3
bean,bønne,3
bear,bære,3
bed,seng,3
beet,roer,3
beetle,bille,3
beggar,tigger,3
belgian,Belgisk,3
bench,bænk,3
berry,bær,3
bibliography,bibliografi,3
bike,cykel,3
blow,slag,3
boat,båd,3
bomber,bombefly,3
bowl,skål,3
brake,bremse,3
brother,bror,3
cable,kabel,3
canadian,canadiske,3
car,bil,3
card,kort,3
carp,karper,3
cave,hule,3
celery,selleri,3
character,karakter,3
chord,akkord,3
circle,cirkel,3
city,by,3
coal,kul,3
coffee,kaffe,3
comb,kam,3
copper,kobber,3
crab,krabbe,3
crocodile,krokodille,3
crown,krone,3
cry,råb,3
cycle,cyklus,3
daughter,datter,3
dead,døde,3
delete,slet,3
detail,detalje,3
diving,dykning,3
dolphin,delfin,3
domain,domæne,3
double,dobbelt,3
drain,dræne,3
dry,tør,3
ear,øre,3
elbow,albue,3
encyclopedia,encyklopædi,3
english,engelsk,3
facilities,faciliteter,3
farm,gård,3
father,far,3
ferry,færge,3
fifth,femte,3
fine,bøde,3
foam,skum,3
fog,tåge,3
food,mad,3
freckle,fregne,3
freeze,fryse,3
freezer,fryser,3
french,fransk,3
front,foran,3
geese,gæs,3
geography,geografi,3
girl,pige,3
glue,lim,3
goal,mål,3
goat,ged,3
goose,gås,3
grape,drue,3
grasshopper,græshoppe,3
grenade,granat,3
group,gruppe,3
guarantee,garanti,3
half-sister,halv søster,3
handball,håndbold,3
hawk,høg,3
head,hoved,3
heart,hjerte,3
heaven,himlen,3
helmet,hjelm,3
help,hjælpe,3
heron,hejre,3
hoe,hakke,3
home,hjem,3
hook,krog,3
hope,håber,3
horse,hest,3
hygienic,hygiejnisk,3
ink,blæk,3
iron,jern,3
jelly,gelé,3
kettle,kedel,3
knot,knude,3
land,jord,3
larch,lærk,3
layer,lag,3
leaf,blad,3
learning,læring,3
lion,løve,3
lip,læbe,3
liver,leveren,3
lock,lås,3
lumber,tømmer,3
lyric,lyriske,3
marble,marmor,3
mice,mus,3
middle,midten,3
month,måned,3
moon,månen,3
morning,morgen,3
morocco,marokko,3
mosque,moské,3
mother,mor,3
motorboat,motorbåd,3
motorcycle,motorcykel,3
muscle,muskel,3
nail,negle,3
night,nat,3
northkorea,Nordkorea,3
notebook,notesbog,3
oak,eg,3
open,åbent,3
orchid,orkidé,3
owl,ugle,3
owner,ejer,3
oyster,østers,3
package,pakke,3
page,side,3
pail,spand,3
paint,maling,3
parcel,pakke,3
particle,partikel,3
path,sti,3
pea,ært,3
pear,pære,3
periodical,periodisk,3
pig,gris,3
plough,plov,3
point,punkt,3
poland,Polen,3
police,politiet,3
policeman,politimand,3
postbox,Postboks,3
powder,pulver,3
psychology,psykologi,3
quartz,kvarts,3
quicksand,kviksand,3
rabbi,rabbiner,3
rat,rotte,3
rectangle,rektangel,3
repair,reparere,3
rhythm,rytme,3
rise,stige,3
rule,regel,3
russian,Russisk,3
saudiarabia,Saudiarabien,3
saxophone,saxofon,3
screw,skruen,3
sea,hav,3
secretary,sekretær,3
secure,sikre,3
sex,køn,3
shark,haj,3
shears,saks,3
shield,skjold,3
shoemaker,skomager,3
silver,sølv,3
sink,vask,3
skiing,skiløb,3
sleet,slud,3
smash,smadre,3
snake,slange,3
snowman,snemand,3
snowplow,sneplov,3
soap,sæbe,3
soil,jord,3
soldier,soldat,3
soup,suppe,3
spain,Spanien,3
spear,spyd,3
speedboat,speedbåd,3
spot,sted,3
spy,spion,3
stem,stilk,3
step-sister,stedsøster,3
step-son,stedsøn,3
stopsign,stopskilt,3
sugar,sukker,3
swimming,svømning,3
swordfish,sværdfisk,3
tail,hale,3
tax,skat,3
taxicab,taxa,3
texture,tekstur,3
thread,tråd,3
thursday,torsdag,3
ticket,billet,3
tile,flise,3
titanium,titan,3
trapezoid,trapez,3
trip,tur,3
tuesday,tirsdag,3
typhoon,tyfon,3
ukrainian,ukrainsk,3
vegetarian,vegetar,3
venezuelan,Venezuelansk,3
vibraphone,vibrafon,3
volcano,vulkan,3
walrus,hvalros,3
wash,vaske,3
way,vej,3
weasel,væsel,3
week,uge,3
whale,hval,3
wheel,hjul,3
window,vindue,3
wolf,ulv,3
wrinkle,rynke,3
xylophone,xylofon,3
year,år,3
yugoslavian,Jugoslavisk,3
acoustic,akustisk,4
air,luft,4
alley,gyde,4
answer,svar,4
archeology,arkæologi,4
architecture,arkitektur,4
arithmetic,aritmetiske,4
armenian,Armensk,4
army,hær,4
art,kunst,4
bag,taske,4
banker,bankmand,4
barge,pram,4
bay,Bugt,4
bead,perle,4
beat,slå,4
beech,bøg,4
beer,øl,4
beginner,nybegynder,4
bird,fugl,4
bladder,blære,4
blade,klinge,4
body,krop,4
bone,knogle,4
branch,gren,4
brazil,brasilien,4
bridge,bro,4
broker,mægler,4
brush,børste,4
building,bygning,4
bulb,pære,4
bull,tyr,4
bun,bolle,4
burn,brænde,4
call,opkald,4
camp,lejr,4
care,pleje,4
cart,vogn,4
cast,støbt,4
cellar,kælder,4
certification,certificering,4
channel,kanal,4
chef,kok,4
chicory,cikorie,4
chin,hage,4
cloth,klud,4
cod,torsk,4
coin,mønt,4
column,kolonne,4
cone,kegle,4
corn,majs,4
couch,sofa,4
cough,hoste,4
course,kursus,4
crate,kasse,4
creek,bæk,4
crib,krybbe,4
crook,skurk,4
cross,krydse,4
crow,krage,4
curtain,gardin,4
damage,skade,4
danger,fare,4
death,død,4
debt,gæld,4
degree,grad,4
den,hule,4
desire,ønske,4
distance,afstand,4
dog,hund,4
doll,dukke,4
drum,tromle,4
duck,and,4
duckling,ælling,4
dust,støv,4
earth,jord,4
ease,lethed,4
edge,kant,4
emery,smergel,4
engineer,ingeniør,4
ethiopia,Etiopien,4
ex-husband,ex-mand,4
existence,eksistens,4
fear,frygt,4
feather,fjer,4
feet,fødder,4
fir,gran,4
fisherman,fisker,4
flax,hør,4
flight,fly,4
flower,blomst,4
football,fodbold,4
form,formular,4
fowl,høns,4
friend,ven,4
fur,pels,4
game,spil,4
garden,have,4
gate,Port,4
glockenspiel,klokkespil,4
grade,klasse,4
grain,korn,4
graphic,grafisk,4
handle,håndtere,4
harbor,havn,4
hedge,hæk,4
hell,helvede,4
hip,hofte,4
honey,honning,4
hot,varm,4
hour,time,4
income,indkomst,4
italian,Italiensk,4
italy,Italien,4
jaw,kæbe,4
jump,hoppe,4
kangaroo,kænguru,4
kick,spark,4
kitchen,køkken,4
kite,drage,4
kitten,killing,4
lake,sø,4
lead,bly,4
leather,læder,4
lentil,linser,4
level,niveau,4
light,lys,4
loaf,brød,4
look,se,4
loss,tab,4
lynx,Los,4
mail,post,4
meat,kød,4
mist,tåge,4
mitten,vante,4
money,penge,4
musician,musiker,4
neck,hals,4
need,brug,4
needle,nål,4
nephew,nevø,4
nest,reden,4
northamerica,Nordamerika,4
novel,roman,4
orchestra,orkester,4
ostrich,struds,4
pancake,pandekage,4
part,del,4
pastor,præst,4
peripheral,perifer,4
pharmacist,farmaceut,4
pheasant,fasan,4
pike,gedde,4
pine,fyr,4
pisces,Fiskene,4
plane,fly,4
plantation,plantage,4
play,spille,4
pocket,lomme,4
politician,politiker,4
pond,dam,4
postage,porto,4
push,skub,4
quality,kvalitet,4
rabbit,kanin,4
rainbow,regnbue,4
reading,læsning,4
refund,refusion,4
reindeer,rensdyr,4
riddle,gåde,4
road,vej,4
rock,sten,4
romania,rumænien,4
roof,tag,4
rowboat,robåd,4
save,gem,4
scent,duft,4
school,skole,4
seat,plads,4
seed,frø,4
shade,nuance,4
shake,ryste,4
shelf,hylde,4
shirt,skjorte,4
shock,stød,4
sidecar,sidevogn,4
skin,hud,4
sleep,søvn,4
sneeze,nyse,4
soda,sodavand,4
sort,slags,4
sound,lyd,4
space,plads,4
sparrow,spurv,4
spoon,ske,4
sprout,spire,4
star,stjerne,4
steam,damp,4
step,trin,4
stepdaughter,steddatter,4
stepmother,stedmor,4
stick,Pind,4
story,historie,4
sunshine,solskin,4
surfboard,surfbræt,4
tanker,tankskib,4
team,hold,4
thistle,tidsel,4
thunder,torden,4
tire,dæk,4
toad,tudse,4
tooth,tand,4
tower,tårn,4
town,by,4
trade,handel,4
train,tog,4
trout,ørred,4
turret,tårn,4
twig,kvist,4
uncle,onkel,4
underwear,undertøj,4
unit,enhed,4
use,brug,4
valley,dal,4
value,værdi,4
veil,slør,4
walk,gå,4
wall,væg,4
war,krig,4
wasp,hveps,4
water,vand,4
wave,bølge,4
wax,voks,4
wedge,kile,4
weight,vægt,4
whip,pisk,4
white,hvid,4
whorl,spiral,4
willow,pil,4
wing,fløj,4
witness,vidne,4
wood,træ,4
wool,uld,4
yew,taks,4
yoke,åg,4
account,konto,5
anger,vrede,5
angle,vinkel,5
appliance,apparat,5
archaeology,arkæologi,5
area,område,5
asterisk,stjerne,5
attack,angreb,5
back,tilbage,5
bail,kaution,5
bassoon,fagot,5
bathtub,badekar,5
battle,kamp,5
beach,strand,5
beard,skæg,5
bicycle,cykel,5
black,sort,5
bottle,flaske,5
bottom,bund,5
box,kasse,5
boy,dreng,5
brain,hjerne,5
break,pause,5
brow,pande,5
butcher,slagter,5
butter,smør,5
cap,kasket,5
carrot,gulerod,5
cause,årsag,5
cereal,korn,5
chain,kæde,5
chair,stol,5
chalk,kridt,5
cheek,kind,5
cheese,ost,5
chess,skak,5
chest,brystet,5
child,barn,5
chinese,kinesisk,5
church,kirke,5
cinema,biograf,5
climb,klatre,5
clock,ur,5
close,tæt,5
coast,kysten,5
coat,frakke,5
cocoa,kakao,5
color,farve,5
commission,provision,5
composer,komponist,5
cotton,bomuld,5
court,domstol,5
cover,dæksel,5
current,nuværende,5
deer,hjorte,5
desert,ørken,5
dietician,diætist,5
dinner,middag,5
dirt,snavs,5
donkey,æsel,5
doubt,tvivl,5
draw,tegne,5
dress,kjole,5
eight,otte,5
enemy,fjende,5
entrance,indgangen,5
error,fejl,5
ex-wife,ekskone,5
example,eksempel,5
eyebrow,øjenbryn,5
fact,Faktisk,5
factory,fabrik,5
fairies,feer,5
feeling,følelse,5
female,kvinde,5
fight,kamp,5
fire,brand,5
flavor,smag,5
flesh,kød,5
floor,etage,5
force,kraft,5
fork,gaffel,5
foundation,fundament,5
france,Frankrig,5
galley,kabys,5
gender,køn,5
grease,fedt,5
ground,jorden,5
grouse,ryper,5
growth,vækst,5
half-brother,halvbror,5
height,højde,5
hose,slange,5
hourglass,timeglas,5
icebreaker,isbryder,5
icicle,istap,5
judge,dommer,5
key,nøgle,5
kidney,nyre,5
lace,blonder,5
laugh,grine,5
laundry,vaskeri,5
leek,porre,5
letter,brev,5
linen,hør,5
lipstick,læbestift,5
lizard,firben,5
lobster,hummer,5
manager,leder,5
maple,ahorn,5
meal,måltid,5
measure,måle,5
mechanic,mekaniker,5
message,besked,5
monkey,abe,5
mouth,munden,5
move,flytte,5
news,nyheder,5
noise,støj,5
nut,møtrik,5
octagon,ottekant,5
onion,løg,5
opinion,mening,5
overcoat,overfrakke,5
parsnip,pastinak,5
peace,fred,5
perch,aborre,5
philippines,filippinerne,5
philosophy,filosofi,5
piano,klaver,5
pickle,lage,5
picture,billede,5
pigeon,due,5
pillow,pude,5
pimple,bums,5
place,sted,5
plier,randør,5
poet,digter,5
poison,gift,5
power,magt,5
probation,prøvetid,5
puffin,lunde,5
punch,dorn,5
puppy,hvalp,5
purple,lilla,5
quiet,stille,5
quince,kvæde,5
quit,Afslut,5
reminder,påmindelse,5
rest,hvile,5
revolve,dreje,5
roast,stege,5
rod,stang,5
romanian,rumænsk,5
rubber,gummi,5
russia,Rusland,5
sailboat,sejlbåd,5
sailor,sømand,5
salary,løn,5
salmon,laks,5
saturday,lørdag,5
sausage,pølse,5
screen,skærm,5
select,vælg,5
shadow,skygge,5
shape,form,5
share,del,5
sheep,Får,5
sheet,ark,5
shop,butik,5
smell,lugt,5
smoke,røg,5
southkorea,Sydkorea,5
spark,gnist,5
sphere,kugle,5
spleen,milt,5
sponge,svamp,5
spring,forår,5
spruce,gran,5
step-brother,stedbror,5
step-mother,stedmor,5
stitch,søm,5
stock,lager,5
stomach,mave,5
stopwatch,stopur,5
store,butik,5
straw,halm,5
street,gade,5
string,snor,5
sturgeon,stør,5
swallow,sluge,5
sweets,slik,5
sycamore,ahorn,5
table,bord,5
taste,smag,5
teacher,lærer,5
teeth,tænder,5
temper,temperament,5
test,prøve,5
thought,troede,5
throat,hals,5
toothpaste,tandpasta,5
touch,Rør,5
tray,bakke,5
trial,retssag,5
triangle,trekant,5
trouble,problemer,5
trousers,bukser,5
trowel,murske,5
turkey,kalkun,5
undershirt,undertrøje,5
velvet,fløjl,5
view,udsigt,5
voice,stemme,5
voyage,rejse,5
watch,ur,5
waterfall,vandfald,5
weapon,våben,5
weather,vejr,5
wednesday,onsdag,5
weed,ukrudt,5
whistle,fløjte,5
wish,ønsker,5
witch,heks,5
woolen,uldne,5
workshop,værksted,5
wound,sår,5
writer,forfatter,5
yellow,gul,5
action,handling,6
adjustment,justering,6
adult,voksen,6
agenda,dagsorden,6
airship,luftskib,6
amount,beløb,6
animal,dyr,6
bagpipe,sækkepibe,6
basin,bækkenet,6
basket,kurv,6
beef,oksekød,6
belief,tro,6
bell,klokke,6
bill,regning,6
birth,fødsel,6
blanket,tæppe,6
bookcase,bogreol,6
booklet,hæfte,6
bracket,beslag,6
brass,messing,6
breath,ånde,6
brick,mursten,6
bucket,spand,6
bumper,kofanger,6
button,knap,6
buzzard,musvåge,6
cancer,kræft,6
canvas,lærred,6
carbon,kulstof,6
cattle,kvæg,6
ceiling,loft,6
change,ændring,6
cheetah,gepard,6
chemistry,kemi,6
children,børn,6
chive,purløg,6
clam,musling,6
closet,skab,6
coach,træner,6
collar,krave,6
conifer,nåletræ,6
country,land,6
cousin,fætter,6
crayfish,krebs,6
crop,afgrøde,6
cushion,pude,6
customer,kunde,6
cymbal,bækken,6
decade,årti,6
delivery,levering,6
dimple,smilehul,6
dinghy,jolle,6
direction,retning,6
disgust,afsky,6
doctor,læge,6
drawer,skuffe,6
drug,medicin,6
engine,motor,6
evening,aften,6
event,begivenhed,6
experience,erfaring,6
face,ansigt,6
fall,efterår,6
farmer,landmand,6
feature,funktion,6
fender,skærm,6
fireman,brandmand,6
forest,skov,6
garlic,hvidløg,6
gasoline,benzin,6
german,tysk,6
germany,Tyskland,6
ghost,spøgelse,6
glove,handske,6
government,regeringen,6
guilty,skyldig,6
gun,pistol,6
hearing,hørelse,6
herring,sild,6
hexagon,sekskant,6
holiday,ferie,6
hubcap,hjulkapsel,6
hurricane,orkan,6
hydrant,brandhane,6
illegal,ulovligt,6
inch,tommer,6
insulation,isolering,6
island,ø,6
jail,fængsel,6
jar,krukke,6
journey,rejse,6
kale,grønkål,6
knickers,trusser,6
knight,ridder,6
limit,grænse,6
liquid,væske,6
litter,kuld,6
math,matematik,6
mattock,hakke,6
meeting,møde,6
mirror,spejl,6
moat,voldgrav,6
mole,muldvarp,6
napkin,serviet,6
norwegian,norsk,6
offer,tilbud,6
office,kontor,6
oxygen,ilt,6
pain,smerte,6
pamphlet,pjece,6
panties,trusser,6
pants,bukser,6
parrot,papegøje,6
partridge,agerhøne,6
penalty,straf,6
pencil,blyant,6
pentagon,femkant,6
phone,telefon,6
plaster,gips,6
playroom,legerum,6
poppy,valmue,6
poultry,fjerkræ,6
prison,fængsel,6
psychiatrist,psykiater,6
pull,trække,6
pumpkin,græskar,6
purpose,formål,6
quail,vagtler,6
quotation,citat,6
rail,jernbane,6
rainstorm,regnvejr,6
reason,grund,6
recorder,optager,6
retailer,forhandler,6
room,værelse,6
rooster,hane,6
salesman,sælger,6
scissors,saks,6
seagull,måge,6
search,søgning,6
season,årstid,6
sense,fornuft,6
sentence,sætning,6
shrimp,rejer,6
sky,himmel,6
slipper,tøffel,6
snowflake,snefnug,6
soccer,fodbold,6
society,samfund,6
softdrink,sodavand,6
southafrica,Sydafrika,6
southamerica,Sydamerika,6
soybean,sojabønner,6
spider,edderkop,6
staircase,trappe,6
stew,stuvning,6
stocking,strømpe,6
stove,komfur,6
stranger,fremmed,6
suede,ruskind,6
sundial,solur,6
surgeon,kirurg,6
surname,efternavn,6
switch,kontakt,6
technician,tekniker,6
textbook,lærebog,6
thrill,gys,6
toy,legetøj,6
turnip,majroe,6
umbrella,paraply,6
underclothes,undertøj,6
underpants,underbukser,6
utensil,redskab,6
verdict,dom,6
vessel,fartøj,6
waiter,tjeneren,6
wallet,pung,6
waste,affald,6
watchmaker,urmager,6
wealth,rigdom,6
weeder,strigler,6
woman,kvinde,6
women,kvinder,6
zipper,lynlås,6
accordion,harmonika,7
act,handling,7
advice,rådgivning,7
afternoon,eftermiddag,7
afterthought,eftertanke,7
agreement,aftale,7
anteater,myresluger,7
apparel,tøj,7
ashtray,askebæger,7
attempt,forsøg,7
attic,loftsrum,7
author,forfatter,7
basement,kælder,7
beauty,skønhed,7
behavior,adfærd,7
believe,tror,7
bestseller,bedst sælgende,7
blizzard,snestorm,7
boundary,grænse,7
brace,tandbøjle,7
cabbage,kål,7
caravan,campingvogn,7
carpenter,tømrer,7
carriage,vogn,7
case,tilfælde,7
cemetery,kirkegård,7
cherry,kirsebær,7
chicken,kylling,7
china,porcelæn,7
cloakroom,garderobe,7
clutch,kobling,7
cockroach,kakerlak,7
cooking,madlavning,7
cord,ledning,7
cowbell,koklokke,7
creator,skaberen,7
cucumber,agurk,7
cupboard,skab,7
defense,forsvar,7
deficit,underskud,7
dentist,tandlæge,7
description,beskrivelse,7
diaphragm,membran,7
disease,sygdom,7
dish,parabol,7
dogsled,hundeslæde,7
dresser,kommode,7
driver,chauffør,7
driving,kørsel,7
faucet,vandhane,7
ferryboat,færge,7
forecast,prognose,7
forehead,pande,7
fortnight,fjorten dage,7
foxglove,fingerbøl,7
freighter,fragtskib,7
glider,svævefly,7
grandson,barnebarn,7
greece,grækenland,7
haircut,klipning,7
hallway,entre,7
headlight,forlygte,7
health,sundhed,7
hydrogen,brint,7
increase,øge,7
invoice,faktura,7
language,sprog,7
lawyer,advokat,7
lettuce,salat,7
library,bibliotek,7
lightning,lyn,7
liquor,spiritus,7
love,kærlighed,7
lunch,frokost,7
maid,stuepige,7
mistake,fejl,7
mosquito,myg,7
mustard,sennep,7
newsprint,avispapir,7
oatmeal,havregrød,7
parent,forælder,7
party,selskab,7
payment,betaling,7
pest,skadedyr,7
plate,tallerken,7
porch,våbenhus,7
preface,forord,7
pressure,tryk,7
processing,behandling,7
purchase,købe,7
queen,dronning,7
quill,fjerpen,7
railway,jernbane,7
raincoat,regnfrakke,7
regret,fortryde,7
replace,udskifte,7
roadway,vejbane,7
schedule,køreplan,7
science,videnskab,7
screwdriver,skruetrækker,7
seashore,kysten,7
security,sikkerhed,7
semicircle,halvcirkel,7
servant,Tjener,7
shallot,skalotteløg,7
size,størrelse,7
skirt,nederdel,7
slash,skråstreg,7
slope,hældning,7
square,firkantet,7
squirrel,egern,7
stamp,frimærke,7
step-aunt,trin-tante,7
step-daughter,trin-datter,7
step-father,trin-far,7
submarine,ubåd,7
substance,stof,7
sunflower,solsikke,7
swim,svømmetur,7
tadpole,haletudse,7
tailor,skrædder,7
television,fjernsyn,7
timpani,pauker,7
truck,lastbil,7
tub,badekar,7
tugboat,bugserbåd,7
twilight,tusmørke,7
vacation,ferie,7
vault,hvælving,7
vermicelli,krymmel,7
vulture,grib,7
waitress,servitrice,7
wilderness,vildmark,7
work,arbejde,7
wrench,skruenøgle,7
wrist,håndled,7
airmail,luftpost,8
airport,lufthavn,8
alloy,legering,8
amusement,morskab,8
appendix,bilag,8
armchair,lænestol,8
attraction,tiltrækning,8
backbone,rygrad,8
badger,grævling,8
bathroom,badeværelse,8
birthday,fødselsdag,8
breakfast,morgenmad,8
bugle,signalhorn,8
candle,stearinlys,8
cardboard,pap,8
carnation,nellike,8
cherries,kirsebær,8
cloudy,overskyet,8
condition,tilstand,8
cormorant,skarv,8
crayon,farveblyant,8
creature,væsen,8
crime,kriminalitet,8
currency,valuta,8
daffodil,påskelilje,8
decision,beslutning,8
decrease,formindske,8
difference,forskel,8
dipstick,oliepinden,8
drizzle,støvregn,8
dungeon,fangekælder,8
edger,kantskærer,8
editorial,redaktionelle,8
eggplant,aubergine,8
equipment,udstyr,8
exchange,udveksling,8
fireplace,pejs,8
fountain,springvand,8
fridge,køleskab,8
furniture,møbler,8
good-bye,farvel,8
headline,overskrift,8
hood,motorhjelm,8
innocent,uskyldig,8
insurance,forsikring,8
intestine,tarm,8
jam,syltetøj,8
keyboard,tastatur,8
knowledge,viden,8
ladybug,mariehøne,8
lathe,drejebænk,8
locket,medaljon,8
mercury,kviksølv,8
microwave,mikrobølgeovn,8
mountain,bjerg,8
moustache,overskæg,8
newsstand,aviskiosk,8
nitrogen,kvælstof,8
orange,appelsin,8
patio,gårdhave,8
plain,almindeligt,8
playground,legeplads,8
pollution,forurening,8
population,befolkning,8
potato,kartoffel,8
property,ejendom,8
pruner,beskæreren,8
ptarmigan,ryper,8
quiver,pilekogger,8
random,tilfældig,8
range,rækkevidde,8
receipt,kvittering,8
reward,belønning,8
rhinoceros,næsehorn,8
riverbed,flodleje,8
seaplane,vandflyver,8
shingle,rullesten,8
shrine,helligdom,8
sideboard,skænk,8
sidewalk,fortovet,8
sister-in-law,svigerinde,8
skill,dygtighed,8
statement,erklæring,8
step-uncle,trin-onkel,8
stool,afføring,8
streetcar,sporvogn,8
supply,levering,8
teaching,undervisning,8
territory,område,8
thunderstorm,tordenvejr,8
toothbrush,tandbørste,8
tortoise,Skildpade,8
treatment,behandling,8
trunk,bagagerum,8
tv,fjernsyn,8
twine,sejlgarn,8
vegetable,grøntsag,8
vise,skruestik,8
visitor,besøgende,8
wholesaler,grossist,8
addition,Derudover,9
advantage,fordel,9
aftermath,kølvandet,9
apartment,lejlighed,9
archer,bueskytte,9
armadillo,bæltedyr,9
atm,Pengeautomat,9
authority,myndighed,9
bedroom,soveværelse,9
blinker,havarilys,9
blowgun,blæsepistol,9
burglar,indbrudstyv,9
capricorn,Stenbukken,9
caterpillar,larve,9
century,århundrede,9
christmas,jul,9
clerk,ekspedient,9
cobweb,spindelvæv,9
comic,tegneserie,9
committee,udvalg,9
competitor,konkurrent,9
composition,sammensætning,9
connection,tilslutning,9
cuticle,neglebånd,9
department,afdeling,9
desk,skrivebord,9
development,udvikling,9
dictionary,ordbog,9
discovery,opdagelse,9
drawbridge,vindebro,9
drill,boremaskine,9
dryer,tørretumbler,9
earthquake,jordskælv,9
education,uddannelse,9
employee,medarbejder,9
employer,arbejdsgiver,9
exclamation,udråbstegn,9
explanation,forklaring,9
eyelash,øjenvipper,9
fertilizer,gødning,9
fiberglass,glasfiber,9
forgery,forfalskning,9
fragrance,duft,9
frown,panderynken,9
fuel,brændstof,9
girdle,hofteholder,9
gliding,svæveflyvning,9
grandfather,bedstefar,9
grandmother,bedstemor,9
improvement,forbedring,9
invention,opfindelse,9
inventory,opgørelse,9
jellyfish,vandmænd,9
join,tilslutte,9
kettledrum,pauke,9
legal,juridiske,9
mailbox,postkasse,9
memory,hukommelse,9
millennium,årtusinde,9
motion,bevægelse,9
notify,underrette,9
odometer,kilometertæller,9
pantry,spisekammer,9
pastry,wienerbrød,9
pedestrian,fodgænger,9
physician,læge,9
pleasure,fornøjelse,9
plywood,krydsfiner,9
punishment,straf,9
question,spørgsmål,9
recess,fordybning,9
request,anmodning,9
resolution,opløsning,9
sagittarius,Skytten,9
scallion,forårsløg,9
selection,udvalg,9
squid,blæksprutte,9
suggestion,forslag,9
surprise,overraskelse,9
tabletop,bordplade,9
turnover,omsætning,9
turtle,skildpadde,9
windscreen,forrude,9
windshield,forrude,9
wren,gærdesmutte,9
accountant,revisor,10
actor,skuespiller,10
advertisement,reklame,10
approval,godkendelse,10
beautician,kosmetolog,10
calculator,lommeregner,10
caption,billedtekst,10
cartoon,tegneserie,10
cauliflower,blomkål,10
caution,forsigtighed,10
check,kontrollere,10
cheque,kontrollere,10
circulation,omløb,10
columnist,klummeskribent,10
community,fællesskab,10
company,Virksomheden,10
comparison,sammenligning,10
competition,konkurrence,10
craftsman,håndværker,10
custard,cremebudding,10
destruction,ødelæggelse,10
digestion,fordøjelse,10
distribution,fordeling,10
environment,miljø,10
exhaust,udstødning,10
father-in-law,svigerfar,10
hacksaw,nedstryger,10
halibut,helleflynder,10
hardboard,fiberplader,10
imprisonment,fængsling,10
justice,retfærdighed,10
laborer,arbejdsmand,10
nurse,sygeplejerske,10
order,bestilling,10
permission,tilladelse,10
plasterboard,gipsplader,10
porcupine,hulepindsvin,10
possibility,mulighed,10
promotion,forfremmelse,10
raft,tømmerflåde,10
scarf,halstørklæde,10
signature,underskrift,10
start,begyndelse,10
tablecloth,dug,10
washer,spændeskive,10
acknowledgment,bekræftelse,11
apology,undskyldning,11
attention,opmærksomhed,11
brother-in-law,svoger,11
college,læreanstalt,11
confirmation,bekræftelse,11
disadvantage,ulempe,11
enquiry,forespørgsel,11
granddaughter,barnebarn,11
hippopotamus,flodhest,11
humidity,luftfugtighed,11
mother-in-law,svigermor,11
occupation,beskæftigelse,11
pancreas,bugspytkirtel,11
panty,trusseindlæg,11
pantyhose,strømpebukser,11
refrigerator,køleskab,11
scarecrow,fugleskræmsel,11
single,enkeltværelse,11
study,undersøgelse,11
tights,strømpebukser,11
veterinarian,dyrlæge,11
authorisation,tilladelse,12
authorization,tilladelse,12
citizenship,statsborgerskab,12
dashboard,instrumentbræt,12
dredger,opmudringsfartøj,12
examination,undersøgelse,12
offence,lovovertrædelse,12
pediatrician,børnelæge,12
precipitation,nedbør,12
responsibility,ansvar,12
feedback,tilbagemeldinger,13
flood,oversvømmelse,13
magician,tryllekunstner,13
mall,indkøbscenter,13
ophthalmologist,øjenlæge,13
prosecution,retsforfølgning,13
step-grandfather,trin-bedstefar,13
step-grandmother,trin-bedstemor,13
subway,undergrundsbane,13
withdrawal,tilbagetrækning,13
actress,skuespillerinde,14
great-grandfather,oldefar,14
great-grandmother,oldemor,14
pansy,stedmoderblomst,14
tachometer,omdrejningstæller,14
dugout,udskiftningsbænken,16
octopus,ottearmet blæksprutte,17
locust,johannesbrødkernemel,18
unitedkingdom,Det Forenede Kongerige,18
